,tid,datetime,author_id,author,author_screen_name,hashtag_list,lang,mentions,mention_list_id,tweet_place,tweet_text,retweet_count,reply_count,type,verified,like_count,sentiment
95,1.27E+18,19-06-2020 10:11,2338104343,Shatrughan Sinha,ShatruganSinha,IndoChina,en,narendramodi,18839785,,"We must talk in one voice on the sensitive matter of #IndoChina. The entire nation is with the Hon'ble PM @narendramodi. I had appealed earlier too, that we need to be cautious while talking &amp; all must be united. Sharing here an article now which unfortunately couldn't be posted",43,21,Tweet,TRUE,483,0
394,1.30E+18,02-09-2020 15:14,1464627522,Parminder Singh Brar,PSBrarOfficial,IndiaChinaFaceOff,en,adgpi,1227253801,,"Donât mess with Indian Army ðªð» 

@adgpi #IndiaChinaFaceOff",3,0,QuotedTweet,TRUE,14,2
395,1.30E+18,08-09-2020 2:47,61458407,Col Rajyavardhan Rathore,Ra_THORe,"BharatMataKiJai, IndiaChinaFaceOff",en,,,,"A soldier is the first to want peace 
but also the first willing to pay the price for keeping peace.

For this soldiers need clarity of orders &amp; support of the people they fight for: today they have both from their government and their people.
#BharatMataKiJai
#IndiaChinaFaceOff",865,74,Tweet,TRUE,5081,1
396,1.27E+18,19-06-2020 12:21,336611577,Asaduddin Owaisi,asadowaisi,IndiaChinaFaceOff,en,"payalmehta100, aimim_national, PMOIndia, asadowaisi, narendramodi","104473820, 185563034, 471741741, 336611577, 18839785",,"RT @payalmehta100: .@aimim_national chief writes to @PMOIndia on the ongoing #IndiaChinaFaceOff 
@asadowaisi tells @narendramodi the criterâ¦",0,0,retweet,TRUE,0,0
397,1.27E+18,19-06-2020 08:06,3299307066,"RK Sinha, Founding Member, BJP",RKSinhaBJP,IndiaChinaFaceOff,hi,"BJP4India, narendramodi, PMOIndia, AmitShah, JPNadda","207809313, 18839785, 471741741, 1447949844, 2990611686",,"à¤¸à¥à¤®à¤¾ à¤ªà¤° à¤¹à¥à¤ à¤µà¤¿à¤µà¤¾à¤¦ à¤¸à¥ à¤à¥à¤¨ à¤à¥ à¤¸à¤®à¤ à¤ à¤à¤¯à¤¾ à¤¹à¥ à¤à¤¿ à¤à¤¸à¤à¤¾ à¤¸à¤¾à¤®à¤¨à¥ à¤à¤ à¤¨à¤¯à¤¾ à¤à¤° à¤µà¤¿à¤à¤¸à¤¿à¤¤ à¤­à¤¾à¤°à¤¤ à¤¹à¥ à¤à¥ à¤à¤à¤¸à¤¾à¤¨à¥ à¤ªà¤° à¤¹à¤®à¤²à¤¾ à¤­à¥ à¤à¤°à¥à¤à¤¾ à¤¬à¤¿à¤¨à¤¾ à¤ªà¥à¤à¥ à¤¹à¤à¥à¤à¥¤ à¤ªà¤¢à¤¼à¥à¤ à¤à¤¸ à¤µà¤¿à¤·à¤¯ à¤ªà¤° 'à¤¸à¥à¤µà¤¤à¤à¤¤à¥à¤° à¤¦à¤¸à¥à¤¤à¤' à¤®à¥à¤ à¤à¤ªà¤¾ à¤®à¥à¤°à¤¾ à¤²à¥à¤à¥¤
#IndiaChinaFaceOff
@BJP4India @narendramodi @PMOIndia @AmitShah @JPNadda
https://t.co/Fh0kMngjUM",7,5,Tweet,TRUE,36,2
398,1.27E+18,19-06-2020 16:44,3299307066,"RK Sinha, Founding Member, BJP",RKSinhaBJP,IndiaChinaFaceOff,en,"BJP4India, narendramodi, PMOIndia, AmitShah, JPNadda","207809313, 18839785, 471741741, 1447949844, 2990611686",,"China has shown it's true face by claiming Indian territories.China has destroyed many countries to claim their land and is continuing to do so. Read my article published in 'The Hills Times' to know more.
#IndiaChinaFaceOff 
@BJP4India @narendramodi @PMOIndia @AmitShah @JPNadda https://t.co/Hmn1O0CNKn",8,1,Tweet,TRUE,34,1
399,1.27E+18,19-06-2020 17:11,24705126,Shashi Tharoor,ShashiTharoor,IndiaChinaFaceOff,en,CNNnews18,6509832,,"RT @CNNnews18: #IndiaChinaFaceOff â The truth is, if you look objectively at the analyses, it does look like this was a deliberate and calcâ¦",0,0,retweet,TRUE,0,1
400,1.27E+18,19-06-2020 15:33,67802523,GVL Narasimha Rao,GVLNRAO,IndiaChinaFaceOff,en,"IndiaToday, GVLNRAO","19897138, 67802523",,"RT @IndiaToday: #IndiaChinaFaceOff | We have certainly pushed the Chinese troops back from the area, which was a part of the LAC: @GVLNRAO,â¦",0,0,retweet,TRUE,0,1
401,1.27E+18,19-06-2020 09:34,751400048,Ram Madhav,rammadhavbjp,IndiaChinaFaceOff,hi,"aajtak, rammadhavbjp, rahulkanwal","42606652, 751400048, 75509967",,"RT @aajtak: #IndiaChinaFaceOff | @rammadhavbjp à¤à¤¾à¤à¤à¥à¤°à¥à¤¸ à¤ªà¤° à¤¬à¤°à¤¸à¥ !
à¤¦à¥à¤à¤¿à¤ @rahulkanwal à¤à¥ à¤¸à¤¾à¤¥ à¤²à¤¾à¤à¤µ: https://t.co/fOz5QPkk43 https://t.co/x5Enâ¦",0,0,retweet,TRUE,0,2
402,1.27E+18,17-06-2020 01:43,2295083146,Pradeeprao,PradeepraoBJP,"IndiaChinaFaceOff, GalwanValley, chinaindiaborder, China",en,"PMOIndia, narendramodi, rajnathsingh, AmitShah, DrSJaishankar","471741741, 18839785, 1346439824, 1447949844, 859363899291742210","b850c1bfd38f30e0', 'https://api.twitter.com/1.1/geo/id/b850c1bfd38f30e0.json', 'country', 'India', 'India', 'IN', 'India', [[67.997691, 6.622513], [67.997691, 33.254896], [97.170672, 33.254896], [97.170672, 6.622513]]]","We were , we are , and shall always be behind our @PMOIndia . @narendramodi is the only man who can give a befitting reply to such rouges ..
BharatMataki jai ð
@rajnathsingh @AmitShah
@DrSJaishankar
#IndiaChinaFaceOff 
#GalwanValley 
#chinaindiaborder 
#China",0,0,Tweet,FALSE,0,1
403,1.27E+18,17-06-2020 11:01,146360682,Dr Jitendra Singh,DrJitendraSingh,"GalwanValley, IndiaChinaFaceOff",en,,,"317fcc4b21a604d5', 'https://api.twitter.com/1.1/geo/id/317fcc4b21a604d5.json', 'city', 'New Delhi', 'New Delhi, India', 'IN', 'India', [[76.84252, 28.397657], [76.84252, 28.879322], [77.347652, 28.879322], [77.347652, 28.397657]]]","Nation eternally indebted to this  spirit of supreme sacrifice! ð
Father of Sepoy Kundan Kumar, Bihar, who lost his life in #GalwanValley of Ladakh on June 15-16, says, ""My son sacrificed his life for the nation. I have two grandsons, I will send them too.""..#IndiaChinaFaceOff",32,17,Tweet,TRUE,347,1
404,1.27E+18,17-06-2020 10:34,303783976,C T Ravi ð®ð³ à²¸à²¿ à²à²¿ à²°à²µà²¿,CTRavi_BJP,"ModiStrongestPM, IndiaChinaFaceOff",en,narendramodi,18839785,,"Prime Minister @narendramodi pays tributes to Our Brave Soldiers who sacrificed their lives at Ladakh defending against Enemy aggression.

#ModiStrongestPM

#IndiaChinaFaceOff https://t.co/nVaKJmckhi",5,5,Tweet,TRUE,54,1
405,1.27E+18,17-06-2020 03:29,74955719,Deepak Bhati Chotiwala,CHOTIWALA,"IndianArmy, IndiaChinaFaceOff",en,IYC,16293020,,"RT @IYC: To blame the sacrifice of the #IndianArmy to save face of a mute government is an act of betrayal.
#IndiaChinaFaceOff https://t.coâ¦",0,0,retweet,TRUE,0,1
406,1.27E+18,17-06-2020 09:57,303783976,C T Ravi ð®ð³ à²¸à²¿ à²à²¿ à²°à²µà²¿,CTRavi_BJP,IndiaChinaFaceOff,en,narendramodi,18839785,,"I would like to assure the Nation that the sacrifice of our Jawans will not go in vain.

For Us, the Unity and Sovereignty of the country is most important.

India seeks peace, but It is capable to give a befitting reply if instigated, says PM @narendramodi.

#IndiaChinaFaceOff",19,5,Tweet,TRUE,148,1
407,1.27E+18,17-06-2020 18:19,303783976,C T Ravi ð®ð³ à²¸à²¿ à²à²¿ à²°à²µà²¿,CTRavi_BJP,IndiaChinaFaceOff,en,,,,"It is true that China suffered three times damage that India suffered. At least we acknowledged the sacrifice of Our Bravehearts.

I challenge China or its Indian Puppies to prove me wrong.

Jai Hind ð®ð³

#IndiaChinaFaceOff",46,13,Tweet,TRUE,343,1
408,1.27E+18,17-06-2020 10:50,1065563383,B L Santhosh,blsanthosh,"GalwanValley, IndiaChinaFaceOff",en,,,,"Father of Sepoy Kundan Kumar, Bihar who lost his life in #GalwanValley of Ladakh on June 15-16, says, ""My son sacrificed his life for the nation. I have two grandsons, I will send them too.""..#IndiaChinaFaceOff 
ððð",806,64,Tweet,TRUE,4583,1
409,1.27E+18,17-06-2020 13:18,76134964,Pawan Khera,Pawankhera,IndiaChinaFaceOff,hi,"aajtak, ShahnawazBJP, Pawankhera","42606652, 350128848, 76134964",,"RT @aajtak: #IndiaChinaFaceOff
à¤¹à¤® à¤à¤ªà¤¨à¥ à¤à¤¼à¤®à¥à¤¨ à¤à¥ à¤°à¤à¥à¤·à¤¾ à¤à¤°à¤¨à¥ à¤®à¥à¤ à¤¸à¤à¥à¤·à¤® à¤¹à¥à¤ à¤à¤° à¤à¤°à¥à¤à¤à¥: @ShahnawazBJP
@Pawankhera à¤¨à¥ à¤à¤¹à¤¾ -  à¤¸à¤°à¤à¤¾à¤° à¤à¥ à¤à¤µà¥à¤à¤ à¤®à¥à¤¨à¥â¦",0,0,retweet,TRUE,0,2
410,1.27E+18,17-06-2020 04:13,2295083146,Pradeeprao,PradeepraoBJP,"IndiaChinaFaceOff, GalwanValley, IndiaStandWithArmyAndModi",en,RahulGandhi,3171712086,"b850c1bfd38f30e0', 'https://api.twitter.com/1.1/geo/id/b850c1bfd38f30e0.json', 'country', 'India', 'India', 'IN', 'India', [[67.997691, 6.622513], [67.997691, 33.254896], [97.170672, 33.254896], [97.170672, 6.622513]]]","@RahulGandhi Don't drag your LKG politics in this issue...
#IndiaChinaFaceOff
#GalwanValley 
#IndiaStandWithArmyAndModi",0,0,Tweet,FALSE,0,1
411,1.27E+18,22-06-2020 09:15,3299307066,"RK Sinha, Founding Member, BJP",RKSinhaBJP,IndiaChinaFaceOff,hi,,,,"à¤à¥à¤¨ à¤¨à¥ à¤­à¤¾à¤°à¤¤ à¤à¥ 1962 à¤®à¥à¤ à¤­à¤²à¥ à¤¹à¥ à¤¹à¤°à¤¾ à¤¦à¤¿à¤¯à¤¾ à¤¹à¥ à¤ªà¤° à¤à¤ à¤à¥ à¤­à¤¾à¤°à¤¤ à¤à¥ à¤à¥à¤¨ à¤¨à¤¹à¥à¤ à¤¹à¤°à¤¾ à¤ªà¤¾à¤à¤à¤¾à¥¤ 2020 à¤à¥ à¤­à¤¾à¤°à¤¤ à¤à¥ à¤ªà¤¾à¤¸ à¤à¤§à¥à¤¨à¤¿à¤ à¤¹à¤¥à¤¿à¤¯à¤¾à¤°à¥à¤ à¤à¥ à¤¸à¤¾à¤¥-à¤¸à¤¾à¤¥ à¤à¤¾à¤¬à¤¾à¤à¤¼ à¤¸à¤¿à¤ªà¤¾à¤¹à¥ à¤¹à¥ à¤à¥ à¤à¥à¤¨ à¤à¥ à¤¸à¤¾à¤®à¤¨à¥ à¤¡à¤ à¤à¤° à¤²à¤¡à¤¼à¥à¤à¤à¥à¥¤ à¤ªà¤¢à¤¼à¥à¤ à¤à¤¸ à¤µà¤¿à¤·à¤¯ à¤ªà¤° à¤µà¤¿à¤­à¤¿à¤¨à¥à¤¨ à¤à¤à¤¼à¤¬à¤¾à¤°à¥à¤ à¤®à¥à¤ à¤à¤ªà¤¾ à¤®à¥à¤°à¤¾ à¤²à¥à¤à¥¤
#IndiaChinaFaceOff 
(6/6) https://t.co/OsRSfiSGXV",9,1,Tweet,TRUE,25,2
412,1.28E+18,28-06-2020 05:25,1188669715,Sanjay Dutt,SanjaySDutt,"Modi, SurenderModi, India, MannKiBaat, Indian, IndiaChinaFaceOff, ModiSurrendersToChina",en,RahulGandhi,3171712086,,"PM #Modi, #SurenderModi, please will you answer this question our leader @RahulGandhi Ji is asking, on behalf of #India, in your #MannKiBaat today ? !!!

Why have you failed in protecting our #Indian borders &amp; jawans?
Answer the Nation.

#IndiaChinaFaceOff
#ModiSurrendersToChina",37,13,QuotedTweet,TRUE,63,1
413,1.27E+18,16-06-2020 16:01,9.33E+17,B M Sandeep,BMSandeepAICC,"IndianArmy, IndiaChinaFaceOff, WeakestPMModi, Galwanvalley, ladakhborder, BoycottChina",en,,,,"For the first time in 40yrs, 3 soldiers of the #IndianArmy died in the #IndiaChinaFaceOff due to the inefficiency of the #WeakestPMModi. Deeply saddened by their tragic death in the #Galwanvalley #ladakhborder. My thoughts and prayers are with their families.
#BoycottChina https://t.co/hnv6Z0IpbV",3,0,Tweet,FALSE,4,0
414,1.27E+18,16-06-2020 17:24,131188226,Himanta Biswa Sarma,himantabiswa,"GalwanValley, IndianArmy, IndiaChinaFaceOff, IndianArmyZindabad",en,adgpi,1227253801,,"I join the nation in saluting the supreme sacrifices of our bravehearts who fought valiantly at #GalwanValley. My deep thoughts &amp; prayers are with the families of our martyrs. We all stand together with the #IndianArmy.

#IndiaChinaFaceOff #IndianArmyZindabad @adgpi",831,177,Tweet,TRUE,5960,0
415,1.27E+18,16-06-2020 08:03,328446807,Ruchira Chaturvedi,RuchiraC,IndiaChinaFaceOff,en,,,,"For how long will PM Modi be in denial about the ""raging border dispute""? Why should our soldiers be killed like this on our own territory because of this govt's sheer incompetence?

#IndiaChinaFaceOff",32,12,Tweet,TRUE,93,1
416,1.27E+18,16-06-2020 17:14,1188669715,Sanjay Dutt,SanjaySDutt,"WeakestPMModi, nationalsecurity, IndianArmy, GalwanValley, Ladakh, IndiaChinaFaceOff",en,,,,"Even as v pay tributes to our martyred bravehearts, v hang our heads in shame at d blunders being committed by #WeakestPMModi,whose govt relies on web of lies,deception&amp; silence on our #nationalsecurity issues.
V stand wit our #IndianArmy.
#GalwanValley #Ladakh
#IndiaChinaFaceOff https://t.co/RUlPD0wDfY",31,7,Tweet,TRUE,54,1
417,1.27E+18,16-06-2020 17:31,746693630,Surbhi Dwivedi,DwivediSurbhi,IndiaChinaFaceOff,en,,,,"20 Indian soldiers have been killed at LAC border. In last 1 month Nepal, Pakistan &amp; China have attacked us. 
PM, Defence minister &amp; HM really need to act now. No theatrics but real action. I hope &amp; pray that India deals this well &amp; no soldiers die at borders #IndiaChinaFaceOff",12,9,Tweet,TRUE,29,1
418,1.27E+18,16-06-2020 10:01,7.03E+17,Thol. Thirumavalavan,thirumaofficial,"Ladakh, IndiaChinaBorder, IndiaChinaFaceOff, IndianArmy",ta,,,,"#Ladakh à®ªà®à¯à®¤à®¿à®¯à®¿à®²à¯ à®ªà®¤à®±à¯à®±à®®à¯. à®à®¨à¯à®¤à®¿à®¯ à®à¯à®© à®à®²à¯à®²à¯à®¯à®¿à®²à¯ à®®à¯à®¤à®²à¯. à®à®¨à¯à®¤à®¿à®¯ à®ªà®à¯à®¯à®¿à®©à®°à¯ à®®à¯à®µà®°à¯à®ªà®²à®¿. à®¤à®®à®¿à®´à®à®¤à¯à®¤à¯à®à¯ à®à®¾à®°à¯à®¨à¯à®¤ à®¤à®¿à®°à¯à®µà®¾à®à®¾à®©à¯- à®à®à¯à®à¯à®à®²à¯à®°à¯ à®ªà®´à®¨à®¿à®¯à¯à®®à¯ à®µà¯à®°à®à¯à®à®¾à®µà¯. à®à¯à®°à¯à®©à®¾ à®¨à¯à®°à¯à®à¯à®à®à®¿à®¯à®¿à®²à¯ à®ªà¯à®°à¯ à®¤à®µà®¿à®°à¯à®à¯à®à®ªà¯à®ªà® à®µà¯à®£à¯à®à¯à®®à¯.
#IndiaChinaBorder #IndiaChinaFaceOff #IndianArmy https://t.co/pADC2u008D",18,9,Tweet,TRUE,52,2
419,1.27E+18,16-06-2020 14:54,67802523,GVL Narasimha Rao,GVLNRAO,"IndiaChinaFaceOff, Newstrack",en,"IndiaToday, GVLNRAO","19897138, 67802523",,"RT @IndiaToday: #IndiaChinaFaceOff | Nobody can mess with our territorial integrity: @GVLNRAO, Spokesperson, BJP
#Newstrack LIVE at https:/â¦",0,0,retweet,TRUE,0,1
420,1.27E+18,16-06-2020 14:33,2166444230,P C Mohan,PCMohanMP,IndiaChinaFaceOff,en,,,,"My deepest condolences go out to our brave soldiers martyred last night at Ladakhâs Galwan Valley. Let's standÂ together with bereaved families at this moment of grief and remember their courage and sacrifices they have made in protecting our country.

#IndiaChinaFaceOff",14,3,Tweet,TRUE,78,1
421,1.27E+18,16-06-2020 17:35,4264422434,Y. Satya Kumar,satyakumar_y,"GalwanValley, IndiaChinaFaceOff",en,,,,"The nation salutes the supreme sacrifice of 20 of our brave soldiers at #GalwanValley who fough valiantly against Chinese aggressors.

But none of the sacrifices will go in vain &amp; not an inch of our motherland will be captured by China, rest assured.

 #IndiaChinaFaceOff",155,16,Tweet,TRUE,250,0
422,1.27E+18,16-06-2020 16:29,2568535530,AP Jithender Reddy,apjithender,"SantoshBabu, Telangana, GalwanValley, IndiaChinaFaceOff, IndiaStandWithArmyAndModi, IndianArmyZindabad",en,,,,"My condolences to the families of Colonel #SantoshBabu, Son of #Telangana, and the two jawans, who were martyred in #GalwanValley during #IndiaChinaFaceOff. 
This nation will always remember their supreme sacrifice. Jai Hind.
#IndiaStandWithArmyAndModi #IndianArmyZindabad https://t.co/ua7IXPklpO",1,0,Tweet,FALSE,5,0
423,1.27E+18,16-06-2020 16:25,306313219,Dr Sravan Dasoju,sravandasoju,IndiaChinaFaceOff,en,,,"243cc16f6417a167', 'https://api.twitter.com/1.1/geo/id/243cc16f6417a167.json', 'city', 'Hyderabad', 'Hyderabad, India', 'IN', 'India', [[78.389772, 17.301399], [78.389772, 17.4759], [78.540417, 17.4759], [78.540417, 17.301399]]]","Humble Salutes to a great motherof martyr Indian Army Col Santhosh Babu, who says she is proud of his son for his brave sacrifice in his duty to protect the nation...#IndiaChinaFaceOff https://t.co/W2MLz0NnXx",7,1,Tweet,TRUE,24,0
424,1.27E+18,16-06-2020 07:43,8.74E+17,Shilpa Bodkhe INC,BodkheShilpa,"Violent, IndianArmy, GalwanValley, IndiaChinaFaceOff",en,"INCIndia, AkhileshPSingh, RTforINDIA","1153045459, 810528259, 384179646","2fb8ef9c51c8d547', 'https://api.twitter.com/1.1/geo/id/2fb8ef9c51c8d547.json', 'city', 'Nagpur', 'Nagpur, India', 'IN', 'India', [[78.861222, 20.755232], [78.861222, 21.221285], [79.204359, 21.221285], [79.204359, 20.755232]]]","#Violent Face-Off Between #IndianArmy  &amp; Chinese Troops In #GalwanValley ; Army Officer, 2 Jawans Killed #IndiaChinaFaceOff  @INCIndia @AkhileshPSingh @RTforINDIA 
https://t.co/yXEF3XeUhU",0,0,Tweet,FALSE,0,1
425,1.27E+18,16-06-2020 16:29,24705126,Shashi Tharoor,ShashiTharoor,IndiaChinaFaceOff,en,"TedhiLakeer, TheQuint","143114327, 2982269822",,"RT @TedhiLakeer: Those who have sustained injuries are critical so this number could go up even further. 
#IndiaChinaFaceOff @TheQuint",0,0,retweet,TRUE,0,1
426,1.28E+18,23-06-2020 11:20,59112159,Gaurav Bhatia Sr Adv BJP à¤à¥à¤°à¤µ à¤­à¤¾à¤à¤¿à¤¯à¤¾ ð®ð³,gauravbh,"IndiaChinaFaceOff, IndiaWithArmyAndModi, NationWithArmyAndNamo, TraitorGandhi",en,"aajtak, sardanarohit","42606652, 111944435",,"Will be on @aajtak with @sardanarohit at 5 pm
#IndiaChinaFaceOff 
#IndiaWithArmyAndModi 
#NationWithArmyAndNamo 
#TraitorGandhi https://t.co/NBRcdg6QwF",10,12,QuotedTweet,TRUE,126,2
427,1.28E+18,26-06-2020 05:48,312015061,Md Salim,salimdotcomrade,"IndiaChinaFaceOff, SpeakUpForOurJawans",en,,,,The BJP is efficient in manufacturing consent of our citizens through its well oiled Godi Media. It's inefficiency has been proven in handling the #IndiaChinaFaceOff. It's time to #SpeakUpForOurJawans. https://t.co/gXH7W3szje,4,1,Tweet,TRUE,37,1
428,1.28E+18,25-06-2020 05:57,59112159,Gaurav Bhatia Sr Adv BJP à¤à¥à¤°à¤µ à¤­à¤¾à¤à¤¿à¤¯à¤¾ ð®ð³,gauravbh,"IndianArmy, AntiNationalCongress, IndiaChinaFaceOff",en,,,,"Good to see that you finally got permission from the ""Parivaar"" to tweet. Don't insult our brave #IndianArmy and the supreme sacrifice of the 20 martyrs
Hope you won't have to delete the tweet again. 
May Congress RIP
#AntiNationalCongress 
#IndiaChinaFaceOff",71,17,QuotedTweet,TRUE,291,1
429,1.28E+18,25-06-2020 16:02,59112159,Gaurav Bhatia Sr Adv BJP à¤à¥à¤°à¤µ à¤­à¤¾à¤à¤¿à¤¯à¤¾ ð®ð³,gauravbh,"CongChinaCash, IndiaChinaFaceOff",hi,narendramodi,18839785,,"à¤à¤¾à¤à¤à¥à¤°à¥à¤¸ à¤ªà¥à¤°à¤µà¤à¥à¤¤à¤¾ à¤­à¥ 50 à¤¸à¤¾à¤² à¤à¥ à¤à¤¦à¥à¤¦à¤¾à¤° à¤à¤ªà¤°à¤¿à¤ªà¤à¥à¤µ à¤¬à¤¾à¤²à¤ à¤à¥ à¤¤à¤°à¤¹ à¤à¥à¤ à¥ à¤¹à¥à¤à¥¤
à¤¬à¥à¤² à¤°à¤¹à¥ à¤¥à¥ @narendramodi à¤à¥ à¤¨à¥à¤ à¤à¤ªà¤¨à¥ à¤µà¥à¤¯à¤à¥à¤¤à¤µà¥à¤¯ à¤®à¥à¤ à¤à¥à¤¨ à¤à¤¾ à¤¨à¤¾à¤® à¤¨à¤¹à¥à¤ à¤²à¤¿à¤¯à¤¾
à¤²à¤¾à¤à¤µ à¤¡à¤¿à¤¬à¥à¤ à¤®à¥à¤ à¤à¤¾à¤à¤à¥à¤°à¥à¤¸ à¤à¤¾ à¤à¥à¤  à¤ªà¤à¤¡à¤¼à¤µà¤¾ à¤¦à¤¿à¤¯à¤¾
à¤à¥à¤  à¤¬à¥à¤²à¥ à¤à¥à¤ à¤à¤¾à¤à¥ 
à¤ªà¥à¤°à¤µà¤à¥à¤¤à¤¾ à¤à¥à¤ªà¤¯à¤¾ à¤¤à¥à¤¯à¤¾à¤°à¥ à¤à¤°à¤à¥ à¤¡à¤¿à¤¬à¥à¤ à¤®à¥à¤ à¤à¤à¤¯à¥
#CongChinaCash
#IndiaChinaFaceOff https://t.co/Snv2pbiHG1",823,148,Tweet,TRUE,2878,2
430,1.28E+18,25-06-2020 06:00,59112159,Gaurav Bhatia Sr Adv BJP à¤à¥à¤°à¤µ à¤­à¤¾à¤à¤¿à¤¯à¤¾ ð®ð³,gauravbh,"TigerKillsDragon, AntiNationalCongress, IndiaChinaFaceOff",hi,,,,"à¤ªà¤ªà¥à¤ªà¥ à¤ªà¤°à¤®à¥à¤¶à¥à¤µà¤° à¤à¥ à¤­à¤à¥à¤¤

à¤¡à¥à¤°à¥à¤à¤¨ à¤à¤à¤¡à¥ à¤¦à¥à¤¤à¤¾ à¤¹à¥ à¤¶à¥à¤° à¤¤à¥ à¤¬à¤¹à¤¾à¤¦à¥à¤° à¤¶à¤¾à¤µà¤à¥à¤ à¤à¥ à¤à¤¨à¥à¤® à¤¦à¥à¤¨à¥ à¤à¥ à¤²à¤¿à¤ à¤à¤¾à¤¨à¤¾ à¤à¤¾à¤¤à¤¾ à¤¹à¥à¥¤ 

à¤à¤¶à¤¾ à¤à¤°à¤¤à¤¾ à¤¹à¥à¤ à¤«à¤à¤à¤¾à¤° à¤²à¤à¤¨à¥ à¤ªà¤° à¤à¥à¤µà¥à¤ à¤¹à¤à¤¾à¤à¤à¤à¥ à¤¨à¤¹à¥à¤à¥¤ 
#TigerKillsDragon 
#AntiNationalCongress 
#IndiaChinaFaceOff",156,38,QuotedTweet,TRUE,819,2
431,1.27E+18,18-06-2020 16:52,303783976,C T Ravi ð®ð³ à²¸à²¿ à²à²¿ à²°à²µà²¿,CTRavi_BJP,IndiaChinaFaceOff,en,,,,"No Professional Army in the World would use such kind of hardware to attack Soldiers.

Only a Gang of Mercenaries working for a ""Land Grabber"" would use such weapons to attack Our Brave Soldiers.

Remember this every time You even look at a Chinese Product.

#IndiaChinaFaceOff",17,3,QuotedTweet,TRUE,62,1
432,1.27E+18,18-06-2020 05:01,165085226,Shakeel Ahmad,Ahmad_Shakeel,IndiaChinaFaceOff,en,ramindersays,133685250,,RT @ramindersays: Gurtej Singh 23 year old from Punjab  is the youngest soldier who attained Martyrdom in #IndiaChinaFaceOff at #GalwanVallâ¦,0,0,retweet,TRUE,0,2
433,1.27E+18,18-06-2020 06:06,3299307066,"RK Sinha, Founding Member, BJP",RKSinhaBJP,IndiaChinaFaceOff,hi,,,,"à¤­à¤¾à¤°à¤¤ à¤à¥ à¤¸à¥à¤®à¤¾ à¤ªà¤° à¤à¥à¤¨ à¤¨à¥ à¤à¥à¤¸à¤ªà¥à¤  à¤à¤°à¤à¥ à¤à¤ªà¤¨à¥ à¤®à¥à¤¸à¥à¤¬à¤¤à¥à¤ à¤à¥ à¤¬à¤¢à¤¼à¤¾ à¤²à¤¿à¤¯à¤¾ à¤¹à¥à¥¤ à¤à¤ à¤¸à¤¾à¤°à¥ à¤µà¤¿à¤¶à¥à¤µ à¤à¤¾ à¤¸à¤®à¤°à¥à¤¥à¤¨ à¤¹à¤¿à¤¨à¥à¤¦à¥à¤¸à¥à¤¤à¤¾à¤¨ à¤à¥ à¤¸à¤¾à¤¥ à¤¹à¥à¥¤ à¤ªà¤¢à¤¼à¥à¤ à¤à¤¸ à¤µà¤¿à¤·à¤¯ à¤ªà¤° 'à¤¦à¥à¤¨à¤¿à¤ à¤®à¤¿à¤°à¤®à¤¿à¤°à¥' à¤®à¥à¤ à¤à¤ªà¤¾ à¤®à¥à¤°à¤¾ à¤²à¥à¤à¥¤
#IndiaChinaFaceOff 
(5/5) https://t.co/wY9BM6HvsT",4,0,Tweet,TRUE,19,2
434,1.27E+18,18-06-2020 12:39,3299307066,"RK Sinha, Founding Member, BJP",RKSinhaBJP,IndiaChinaFaceOff,hi,,,,"à¤à¥à¤¨ à¤à¤° à¤­à¤¾à¤°à¤¤ à¤à¥ à¤¬à¥à¤ à¤¹à¥à¤ à¤¸à¥à¤®à¤¾ à¤µà¤¿à¤µà¤¾à¤¦ à¤à¥ à¤¬à¤¾à¤¦ à¤¸à¤­à¥ à¤¦à¥à¤¶à¥à¤ à¤à¤¾ à¤¸à¤®à¤°à¥à¤¥à¤¨ à¤¹à¤¿à¤¨à¥à¤¦à¥à¤¸à¥à¤¤à¤¾à¤¨ à¤à¥ à¤¸à¤¾à¤¥ à¤¹à¥à¥¤ à¤à¥à¤¨ à¤à¥ à¤à¥à¤°à¥à¤¨à¤¾ à¤®à¤¹à¤¾à¤®à¤¾à¤°à¥ à¤«à¥à¤²à¤¾à¤¨à¥ à¤à¤¾ à¤à¤¿à¤®à¥à¤®à¥à¤¦à¤¾à¤° à¤®à¤¾à¤¨à¤¤à¥ à¤¹à¥à¤ à¤¸à¤­à¥ à¤à¤¸à¤à¥ à¤à¤¼à¤¿à¤²à¤¾à¤«à¤¼ à¤¹à¥à¥¤ à¤ªà¤¢à¤¼à¥à¤ à¤à¤¸ à¤µà¤¿à¤·à¤¯ à¤ªà¤° à¤µà¤¿à¤­à¤¿à¤¨à¥à¤¨ à¤à¤à¤¼à¤¬à¤¾à¤°à¥à¤ à¤®à¥à¤ à¤à¤ªà¤¾ à¤®à¥à¤°à¤¾ à¤²à¥à¤à¥¤
#IndiaChinaFaceOff 
(1/2) https://t.co/03aOGQWu6W",6,1,Tweet,TRUE,33,2
435,1.27E+18,18-06-2020 12:40,3299307066,"RK Sinha, Founding Member, BJP",RKSinhaBJP,IndiaChinaFaceOff,hi,,,,"à¤à¥à¤¨ à¤à¤° à¤­à¤¾à¤°à¤¤ à¤à¥ à¤¬à¥à¤ à¤¹à¥à¤ à¤¸à¥à¤®à¤¾ à¤µà¤¿à¤µà¤¾à¤¦ à¤à¥ à¤¬à¤¾à¤¦ à¤¸à¤­à¥ à¤¦à¥à¤¶à¥à¤ à¤à¤¾ à¤¸à¤®à¤°à¥à¤¥à¤¨ à¤¹à¤¿à¤¨à¥à¤¦à¥à¤¸à¥à¤¤à¤¾à¤¨ à¤à¥ à¤¸à¤¾à¤¥ à¤¹à¥à¥¤ à¤à¥à¤¨ à¤à¥ à¤à¥à¤°à¥à¤¨à¤¾ à¤®à¤¹à¤¾à¤®à¤¾à¤°à¥ à¤«à¥à¤²à¤¾à¤¨à¥ à¤à¤¾ à¤à¤¿à¤®à¥à¤®à¥à¤¦à¤¾à¤° à¤®à¤¾à¤¨à¤¤à¥ à¤¹à¥à¤ à¤¸à¤­à¥ à¤à¤¸à¤à¥ à¤à¤¼à¤¿à¤²à¤¾à¤«à¤¼ à¤¹à¥à¥¤ à¤ªà¤¢à¤¼à¥à¤ à¤à¤¸ à¤µà¤¿à¤·à¤¯ à¤ªà¤° à¤à¤ªà¤¾ à¤®à¥à¤°à¤¾ à¤²à¥à¤à¥¤
#IndiaChinaFaceOff 
(2/2) https://t.co/DG7p70oIia",3,1,Tweet,TRUE,25,2
436,1.27E+18,20-06-2020 09:25,3299307066,"RK Sinha, Founding Member, BJP",RKSinhaBJP,IndiaChinaFaceOff,hi,,,,"à¤­à¤¾à¤°à¤¤ à¤à¤¬ à¤ªà¤¹à¤²à¥ à¤à¥à¤¸à¤¾ à¤¨à¤¹à¥à¤ à¤°à¤¹à¤¾ à¤à¥ à¤à¤à¤¸à¤¾à¤¨à¥ à¤ªà¤° à¤­à¥ à¤¹à¤®à¤²à¤¾ à¤¨à¤¾ à¤à¤°à¥à¤à¥¤ à¤­à¤¾à¤°à¤¤à¥à¤¯ à¤¸à¥à¤¨à¤¾ à¤¹à¤®à¤¾à¤°à¥ à¤¸à¥à¤®à¤¾ à¤à¥ à¤¹à¤° à¤à¤à¤ à¤à¥ à¤°à¤à¥à¤·à¤¾ à¤à¤ªà¤¨à¥ à¤à¤¾à¤¨ à¤ªà¤° à¤à¥à¤² à¤à¤° à¤­à¥ à¤à¤°à¤¨à¥ à¤à¥ à¤¤à¥à¤¯à¤¾à¤° à¤¹à¥à¥¤ à¤ªà¤¢à¤¼à¥à¤ à¤à¤¸ à¤µà¤¿à¤·à¤¯ à¤ªà¤° à¤µà¤¿à¤­à¤¿à¤¨à¥à¤¨ à¤à¤à¤¼à¤¬à¤¾à¤°à¥à¤ à¤®à¥à¤ à¤à¤ªà¤¾ à¤®à¥à¤°à¤¾ à¤²à¥à¤à¥¤
#IndiaChinaFaceOff 
(3/3) https://t.co/MxJbrl7ABs",6,1,Tweet,TRUE,25,2
437,1.29E+18,22-07-2020 14:31,936695288,Manish Tewari,ManishTewari,IndiaChinaFaceOff,en,CNNnews18,6509832,,"RT @CNNnews18: #IndiaChinaFaceOff â The US is an exhausted power. They have withdrawn from Iraq, it has let down its allies in Syria and Kuâ¦",0,0,retweet,TRUE,0,1
438,1.29E+18,23-07-2020 05:16,593603712,Vamshi Chand Reddy à°à°²à±à°²à°¾ à°µà°à°¶à±à°à°à°¦à± à°°à±à°¡à±à°¡à°¿,VamsiChandReddy,"China, IndiaChinaFaceOff, MyLeaderRahulGandhi, TruthWithRahulGandhi",en,"narendramodi, RahulGandhi","18839785, 3171712086",,"Want to know
How India should respond to #China?
Are we taking on China with a vision?
Is our approach right in resolving #IndiaChinaFaceOff?
Is our PM @narendramodi doing his duty in the interest of the nation?
Watch #MyLeaderRahulGandhi @RahulGandhi speak #TruthWithRahulGandhi https://t.co/pa8IYL1zwF",21,1,Tweet,TRUE,55,2
439,1.28E+18,03-07-2020 15:36,3299307066,"RK Sinha, Founding Member, BJP",RKSinhaBJP,IndiaChinaFaceOff,hi,,,,"à¤¹à¤®à¤¾à¤°à¤¾ à¤¦à¥à¤¶ à¤à¤¸ à¤µà¤à¤¼à¥à¤¤ à¤à¥à¤¨à¥à¤¤à¤¿à¤¯à¥à¤ à¤¸à¥ à¤à¤¿à¤°à¤¾ à¤¹à¥, à¤à¤¸à¥ à¤µà¤à¥à¤¤ à¤®à¥à¤ à¤°à¤¾à¤¹à¥à¤² à¤à¤¾à¤à¤§à¥ à¤à¥ à¤¸à¤µà¤¾à¤²à¥à¤ à¤¸à¥ à¤²à¤à¤¤à¤¾ à¤¹à¥ à¤µà¤¹ à¤­à¤¾à¤°à¤¤ à¤à¥ à¤¸à¤¾à¤¥ à¤¨à¤¹à¥à¤, à¤¬à¤²à¥à¤à¤¿ à¤à¥à¤¨ à¤à¥ à¤¸à¤¾à¤¥ à¤¹à¥à¤à¥¤ à¤ªà¤¢à¤¼à¥à¤ à¤à¤¸ à¤µà¤¿à¤·à¤¯ à¤ªà¤° à¤à¤ªà¤¾ à¤®à¥à¤°à¤¾ à¤²à¥à¤à¥¤
#IndiaChinaFaceOff https://t.co/eUMz1ze52U",6,1,Tweet,TRUE,24,2
440,1.28E+18,01-07-2020 11:55,1065563383,B L Santhosh,blsanthosh,IndiaChinaFaceOff,en,narendramodi,18839785,,"After Govt move of banning 59 Chinese Apps , PM @narendramodi exits from Chinese social media platform WEIBO also .... Strong message at the border , on economic front &amp; at personal level too ... #IndiaChinaFaceOff",927,91,Tweet,TRUE,5475,1
441,1.28E+18,07-07-2020 12:21,3299307066,"RK Sinha, Founding Member, BJP",RKSinhaBJP,IndiaChinaFaceOff,hi,,,,"à¤¹à¤®à¤¾à¤°à¤¾ à¤¦à¥à¤¶ à¤à¤¸ à¤µà¤à¤¼à¥à¤¤ à¤à¥à¤¨à¥à¤¤à¤¿à¤¯à¥à¤ à¤¸à¥ à¤à¤¿à¤°à¤¾ à¤¹à¥, à¤à¤¸à¥ à¤µà¤à¥à¤¤ à¤®à¥à¤ à¤°à¤¾à¤¹à¥à¤² à¤à¤¾à¤à¤§à¥ à¤à¥ à¤¸à¤µà¤¾à¤²à¥à¤ à¤¸à¥ à¤²à¤à¤¤à¤¾ à¤¹à¥ à¤µà¤¹ à¤­à¤¾à¤°à¤¤ à¤à¥ à¤¸à¤¾à¤¥ à¤¨à¤¹à¥à¤, à¤¬à¤²à¥à¤à¤¿ à¤à¥à¤¨ à¤à¥ à¤¸à¤¾à¤¥ à¤¹à¥à¤à¥¤ à¤ªà¤¢à¤¼à¥à¤ à¤à¤¸ à¤µà¤¿à¤·à¤¯ à¤ªà¤° 'à¤¨à¥à¤¶à¤¨à¤² à¤à¤à¥à¤¸à¤ªà¥à¤°à¥à¤¸' à¤®à¥à¤ à¤à¤ªà¤¾ à¤®à¥à¤°à¤¾ à¤²à¥à¤à¥¤
#IndiaChinaFaceOff https://t.co/tl9mJvFZnZ",19,2,Tweet,TRUE,44,2
442,1.28E+18,07-07-2020 10:42,2281874448,Punjab Pradesh Congress Sevadal,SevadalPB,"GalwanValley, IndiaChinaFaceOff",en,"capt_amarinder, BJP4India, JPNadda, RahulGandhi","263090427, 207809313, 2990611686, 3171712086",,"CM @capt_amarinder takes exception to @BJP4India chief @JPNaddaâs attack on @RahulGandhi on India-China standoff, calls it bid to divert from GoIâs failure in #GalwanValley. Says of own experience that Standing Committee on Defence is irrelevant to #IndiaChinaFaceOff https://t.co/jVWPHZroK1",12,0,Tweet,TRUE,30,2
443,1.27E+18,27-05-2020 15:25,1.13E+18,Ruparam Murawtiya,mlaruparam,"PeaceAndLove, IndiaChinaFaceOff, IndiaFightsCorona",hi,,,,"""à¤¯à¥ à¤¦à¥à¤¨à¤¿à¤¯à¤¾ à¤¨à¤«à¤¼à¤°à¤¤à¥à¤ à¤à¥ à¤à¤à¤¼à¤°à¥ à¤¸à¥à¤à¥à¤ à¤ªà¥ à¤à¤² à¤°à¤¹à¥ à¤¹à¥
à¤à¤²à¤¾à¤ à¤à¤¸ à¤à¤¾ à¤®à¥à¤¹à¤¬à¥à¤¬à¤¤ à¤à¥ à¤¸à¤¿à¤µà¤¾ à¤à¥à¤ à¤­à¥ à¤¨à¤¹à¥à¤ à¤¹à¥""
#PeaceAndLove #IndiaChinaFaceOff  #IndiaFightsCorona",25,16,Tweet,TRUE,166,2
444,1.27E+18,28-05-2020 09:18,336611577,Asaduddin Owaisi,asadowaisi,"LADAKHSTANDOFF, IndiaChinaFaceOff, Beijing, GalwanValley",en,SariaW,866005597329604608,,"RT @SariaW: #LADAKHSTANDOFF #IndiaChinaFaceOff 
When #Beijing is claiming #GalwanValley the book Servant of Sahibs by Ghulam Rassul Galwan,â¦",0,0,retweet,TRUE,0,1
445,1.30E+18,16-08-2020 17:12,3299307066,"RK Sinha, Founding Member, BJP",RKSinhaBJP,"IndiaChinaFaceOff, Telangana, IndianArmy",hi,aajtak,42606652,,"RT @aajtak: à¤¶à¤¹à¥à¤¦ à¤à¤°à¥à¤¨à¤² à¤¸à¤à¤¤à¥à¤· à¤¬à¤¾à¤¬à¥ à¤à¥ à¤ªà¤¤à¥à¤¨à¥ à¤¸à¤à¤¤à¥à¤·à¥ à¤à¥ à¤¡à¤¿à¤ªà¥à¤à¥ à¤à¤²à¥à¤à¥à¤à¤° à¤¬à¤¨à¤¾à¤¯à¤¾
#IndiaChinaFaceOff #Telangana #IndianArmy
https://t.co/FsdUyS388U",0,0,retweet,TRUE,0,1
446,1.29E+18,07-08-2020 15:48,342096051,Supriya Shrinate,SupriyaShrinate,IndiaChinaFaceOff,en,"IndiaToday, SupriyaShrinate, GVLNRAO","19897138, 342096051, 67802523",,RT @IndiaToday: #IndiaChinaFaceOff | Congress spokesperson @SupriyaShrinate blames foreign policy for Ladakh standoff. BJP's @GVLNRAO countâ¦,0,0,retweet,TRUE,0,1
448,1.27E+18,16-06-2020 16:01,9.33E+17,B M Sandeep,BMSandeepAICC,"IndianArmy, IndiaChinaFaceOff, WeakestPMModi, Galwanvalley, ladakhborder, BoycottChina",en,,,,"For the first time in 40yrs, 3 soldiers of the #IndianArmy died in the #IndiaChinaFaceOff due to the inefficiency of the #WeakestPMModi. Deeply saddened by their tragic death in the #Galwanvalley #ladakhborder. My thoughts and prayers are with their families.
#BoycottChina https://t.co/hnv6Z0IpbV",3,0,Tweet,FALSE,4,0
470,1.27E+18,16-06-2020 16:03,576348125,Nagma,nagma_morarji,indiachinastandoff,en,,,,20 casualties the noâs of soldiers Martyred at the border cn b many more #indiachinastandoff  pls these r serious noâs of casualties the situation is really bad .This is wht has happened whn our Govt says this noâs has come up whn Chinese wer deescalating wht if they escalate thn,10,0,Tweet,TRUE,52,0
471,1.27E+18,18-06-2020 08:53,576348125,Nagma,nagma_morarji,"TrecherousChina, indiachinastandoff, IndianArmy, galwanvalleyclash, LadakhBorder",en,,,,"PLA Death Squads Hunted Down Indian Troops in Galwan in Savage Execution Spree, Say Survivors https://t.co/pleKJVBjrF #TrecherousChina #indiachinastandoff #IndianArmy #galwanvalleyclash #LadakhBorder",5,0,Tweet,TRUE,16,1
472,1.27E+18,18-06-2020 15:26,576348125,Nagma,nagma_morarji,"IndianArmy, LivesMatter, GalwanBloodshed, galwanvalleyclash, indiachinastandoff",en,,,,The Govt Must Answer and not endanger the lives of our #IndianArmy their #LivesMatter #GalwanBloodshed #galwanvalleyclash #indiachinastandoff Rahul Gandhi Ji responsibility asked Questions https://t.co/zeBGhPU9kd,2,0,QuotedTweet,TRUE,1,1
473,1.27E+18,20-06-2020 17:07,9.09E+17,Sabhajeet Singh,SabhajeetAAP,"IndianArmy, IndiaChinaBorder, indiachinastandoff, IndiaWillPunishChina",hi,ashutosh83B,78259714,,"RT @ashutosh83B: à¤¯à¥ à¤¸à¤«à¤¾à¤ à¤à¤¤à¤¨à¥ à¤¦à¥à¤° à¤®à¥à¤ à¤à¥à¤¯à¥à¤ à¤à¤¯à¥ ? 

#IndianArmy #IndiaChinaBorder #indiachinastandoff #IndiaWillPunishChina #IndiansUnitedAâ¦",0,0,retweet,FALSE,0,2
482,1.31E+18,20-09-2020 15:09,1332272064,Tamil Nadu Congress Committee,INCTamilNadu,ChinaIndiaFaceoff,en,,,,"Arrested Delhi journalist Rajeev Sharma was passing info to the Chinese. 

He has connection with National Security advisor Ajith Doval's Vivekananda International foundation. 

What's happening Mr Modi? Are we in safe hands? #ChinaIndiaFaceoff 
https://t.co/fbdzlAO04S",16,1,Tweet,TRUE,31,0
483,1.28E+18,27-06-2020 07:51,87616824,Americai V Narayanan 'à®à®®à¯à®°à®¿à®à¯à®à¯' à®µà®¿ à®¨à®¾à®°à®¾à®¯à®£à®©à¯,americai,ChinaIndiaFaceoff,en,"TimesNow, PMOIndia, narendramodi, DrSJaishankar","240649814, 471741741, 18839785, 859363899291742210",,@TimesNow I agree. Please tell the to @PMOIndia India. @narendramodi made @DrSJaishankar a liar in #ChinaIndiaFaceoff .,0,0,Tweet,TRUE,0,1
484,1.28E+18,29-06-2020 05:16,7.72E+17,Goa Congress,INCGoa,"PMCARES, ChinaIndiaFaceoff, BJPBetraysOurJawans, PMCARESforChina",en,"girishgoa, INCIndia, INCGoa","134047399, 1153045459, 771962563424817152",,"RT @girishgoa: .#PMCARES took funds from China â¦@INCIndiaâ© â¦@INCGoaâ© 

#ChinaIndiaFaceoff #BJPBetraysOurJawans #PMCARESforChina https://t.câ¦",0,0,retweet,TRUE,0,2
485,1.27E+18,17-06-2020 07:46,9.23E+17,Saddam Hussain (à¤à¤° à¤®à¥à¤ à¤°à¤¹à¥à¤ - à¤¸à¥à¤°à¤à¥à¤·à¤¿à¤¤ à¤°à¤¹à¥à¤),saddam_jmm,"à¤¬à¥à¤¶à¤°à¥à¤®, ChinaIndiaFaceoff, Darpok56Inch, PMDaroMatJawabDo, WeStandWithIndianArmy",hi,,,,"à¤ªà¥à¤°à¤¾ à¤­à¤¾à¤°à¤¤ à¤¸à¥à¤¨à¤¿à¤à¥à¤ à¤à¥ à¤¶à¤¹à¤¾à¤¦à¤¤ à¤ªà¤° à¤à¤®à¤à¥à¤¨ à¤¹à¥, à¤à¤° à¤­à¤¾à¤à¤ªà¤¾ à¤µà¤¾à¤²à¥ à¤ªà¥à¤°à¤à¤¾à¤° à¤®à¥à¤, #à¤¬à¥à¤¶à¤°à¥à¤®

à¤¤à¥ à¤à¤§à¤° à¤à¤§à¤° à¤à¥ à¤¨ à¤¬à¤¾à¤¤ à¤à¤°à¥¤
à¤¯à¥ à¤¬à¤¤à¤¾ à¤à¤¿ à¤à¤¼à¤¾à¤«à¤¼à¤¿à¤²à¤¾ à¤à¥à¤¯à¥à¤ à¤²à¥à¤à¤¾à¥¤
à¤®à¥à¤à¥ à¤°à¤¹à¤à¤¨à¥à¤ à¤¸à¥ à¤à¤¿à¤²à¤¾ à¤¨à¤¹à¥à¥¤
à¤¤à¥à¤°à¥ à¤°à¤¹à¤¬à¤°à¥ à¤à¤¾ à¤¸à¤µà¤¾à¤² à¤¹à¥à¥¤

#ChinaIndiaFaceoff
#Darpok56Inch
#PMDaroMatJawabDo
#WeStandWithIndianArmy",9,1,QuotedTweet,FALSE,22,2
486,1.27E+18,17-06-2020 07:12,8.91E+17,Siddaramaiah,siddaramaiah,ChinaIndiaFaceoff,kn,,,"1b8680cd52a711cb', 'https://api.twitter.com/1.1/geo/id/1b8680cd52a711cb.json', 'city', 'Bengaluru', 'Bengaluru, India', 'IN', 'India', [[77.373474, 12.919037], [77.373474, 13.231381], [77.739371, 13.231381], [77.739371, 12.919037]]]","à²¦à³à²¶à²à³à²à²¾à²à²¿ à²¬à³à²µà²°à³-à²°à²à³à²¤ à²¹à²°à²¿à²¸à²¿à²¦ à²¨à²¾à²¯à²à²° à²ªà²à³à²·à²µà²¾à²¦ à²à²¾à²à²à³à²°à³à²¸à³ à²ªà²à³à²· à²­à²¾à²°à²¤à²¦ à²à²à²¤à³,à²à²à²à²¡à²¤à³ à²®à²¤à³à²¤à³ à²¸à²¾à²°à³à²µà²­à³à²®à²¤à³à²à³ à²¸à²¦à²¾ à²¬à²¦à³à²§à²µà²¾à²à²¿à²¦à³.

à²µà³à²° à²¸à³à²¨à²¿à²à²° à²¬à²²à²¿à²¦à²¾à²¨ à²µà³à²¯à²°à³à²¥à²µà²¾à²à²¬à²¾à²°à²¦à³.
à²¹à³à²¤à²¾à²¤à³à²®à²° à²à³à²à³à²à²¬à²à³à²à³ à²à³à²°à²µà²¦ à²¶à³à²°à²¦à³à²§à²¾à²à²à²²à²¿ à²¸à²²à³à²²à²¿à²¸à³à²£.
à²à³à²¨à²¾à²¦ à²¦à³à²·à³à²à³à²¤à³à²¯à²µà²¨à³à²¨à³ à²à²à³à²à³à²°à²²à²¿à²¨à²¿à²à²¦ à²à²à²¡à²¿à²¸à³à²£.
1/3
#ChinaIndiaFaceoff",43,15,Tweet,TRUE,204,2
487,1.27E+18,20-06-2020 11:17,46902565,Dr. Vishwajeet Kadam,vishwajeetkadam,"ChinaIndiaFaceoff, chinaindiaborder, ModiSurrendersGalwanValley, ModiSurrendersToChina, ModiExposesModi, congressforindia",en,"INCIndia, IYC, IYCMaha","1153045459, 16293020, 3190684224",,"People want answers...
#ChinaIndiaFaceoff #chinaindiaborder #ModiSurrendersGalwanValley #ModiSurrendersToChina #ModiExposesModi #congressforindia 
@INCIndia @IYC @IYCMaha https://t.co/HT9HDOAQsc",10,0,Tweet,TRUE,28,1
790,1.28E+18,26-06-2020 18:52,576348125,Nagma,nagma_morarji,"IndiaChinaBorderTension, LADAKHSTANDOFF, Lac, IndianArmy",en,,,,REVEALED: What China is up to in Ladakh https://t.co/80cEJ3PbnT pull up your socks indian Govt before itâs 2late on the #IndiaChinaBorderTension #LADAKHSTANDOFF #Lac #IndianArmy Martyred hv sacrificed their lives to fight the enemy respects an equal combat https://t.co/CisJSTc3L7,4,0,Tweet,TRUE,14,2
791,1.27E+18,28-05-2020 09:18,336611577,Asaduddin Owaisi,asadowaisi,"LADAKHSTANDOFF, IndiaChinaFaceOff, Beijing, GalwanValley",en,SariaW,866005597329604608,,"RT @SariaW: #LADAKHSTANDOFF #IndiaChinaFaceOff 
When #Beijing is claiming #GalwanValley the book Servant of Sahibs by Ghulam Rassul Galwan,â¦",0,0,retweet,TRUE,0,1
1572,1.31E+18,17-09-2020 12:19,576348125,Nagma,nagma_morarji,"NationlUnemploymentDay, COVID19, coronavirus, HappyBirthdayPMModi, KanganaRanawat, MigrantWorkers, MigrantLabourers, IndiaChinaBorderTension, PM",en,,,,#NationlUnemploymentDay #COVID19 #coronavirus cases surmounts in India. #HappyBirthdayPMModi ð¦ #KanganaRanawat Y+security on TaxPayers Money while Govt does not hv a count of dead #MigrantWorkers #MigrantLabourers Lives-matter #IndiaChinaBorderTension #PM jhoot bole kawwa kaate https://t.co/SnFaKvOq2f,28,3,Tweet,TRUE,58,0
1573,1.31E+18,16-09-2020 10:23,576348125,Nagma,nagma_morarji,"IndiaChinaBorderTension, bjp, MahaGovt, KanganaRanaut, Bollywood",en,,,,ð³ #IndiaChinaBorderTension while #bjp is continually attempting to dislodge the #MahaGovt and #KanganaRanaut attacks Maha Govt and calls #Bollywood a Gutter and Maha Mumbai Pak administered Kashmir .Jis thali mein khate hai ussi mein ched karte hain sab apni thali khud banatehai,8,0,QuotedTweet,TRUE,14,1
1574,1.28E+18,30-06-2020 13:47,576348125,Nagma,nagma_morarji,IndiaChinaBorderTension,hi,PatraSambits,1106959247911194624,,@PatraSambits Subah se ratta lagakar same sawaal puch rahe hai !! Ye khayali pulaav paca rahe hai !! Sawaal Yeh ya na mein Army Men se maang rahe hai . Par #IndiaChinaBorderTension,0,0,QuotedTweet,TRUE,0,1
1575,1.27E+18,17-06-2020 11:04,2536934545,Jitendra Baghel,JitendraBaghel_,"IndiaChinaBorderTension, CoronavirusPandemic, Gujarat",en,DeepalTrevedie,17801716,,"RT @DeepalTrevedie: No #IndiaChinaBorderTension worries.
No #CoronavirusPandemic concerns.
All that matters in #Gujarat these days is MLA sâ¦",0,0,retweet,TRUE,0,2
1576,1.28E+18,26-06-2020 18:52,576348125,Nagma,nagma_morarji,"IndiaChinaBorderTension, LADAKHSTANDOFF, Lac, IndianArmy",en,,,,REVEALED: What China is up to in Ladakh https://t.co/80cEJ3PbnT pull up your socks indian Govt before itâs 2late on the #IndiaChinaBorderTension #LADAKHSTANDOFF #Lac #IndianArmy Martyred hv sacrificed their lives to fight the enemy respects an equal combat https://t.co/CisJSTc3L7,4,0,Tweet,TRUE,14,2
1577,1.28E+18,26-06-2020 19:11,576348125,Nagma,nagma_morarji,"IndiaChinaBorderTension, ourarmyourpride",en,,,,"Madam Ji Modi hai toh Mumkin hai, intelligence failure Barum baar #IndiaChinaBorderTension #ourarmyourpride but Govt has to Ans why 20 of our unarmed soldiers were Martyred. China is into our territory it has gained on al strategic pra starting building solid infrastructure roads",2,0,QuotedTweet,TRUE,3,1
1578,1.28E+18,10-07-2020 14:17,576348125,Nagma,nagma_morarji,"à¤à¤£à¥à¤¡à¤¿à¤¯à¤¾, à¤à¤¾à¤à¤¨à¤¾, IndiaChinaBorderTension",hi,,,,à¤¯à¥à¤¸ à¤¨à¥ à¤¹à¥à¤°à¥à¤® à¥¤ à¤à¥à¤ à¤¹à¤°à¥à¤ à¤¸à¤°à¤à¤¾à¤° à¤à¥ à¤¨à¤¹à¥à¤ à¤¹à¥à¤¨à¥ à¤à¤¾à¤¹à¤¿à¤ #à¤à¤£à¥à¤¡à¤¿à¤¯à¤¾ #à¤à¤¾à¤à¤¨à¤¾ à¤¬à¥à¤°à¥à¤¡à¤° à¤µà¤¿à¤µà¤¾à¤§ à¤à¥ à¤µà¤¿à¤·à¤¯ à¤®à¥à¤ à¥¤ #IndiaChinaBorderTension à¤¹à¤®à¤¾à¤°à¥ à¤à¤¼à¤®à¥à¤¨ à¤à¤° à¤¨à¤¹à¥à¤ à¤à¤¾à¤¨à¥ à¤¦à¥à¤¨à¥ à¤à¤¾à¤¹à¤¿à¤ à¥¤ à¤à¤ à¤à¥à¤®à¥à¤®à¥à¤à¥à¤à¥ à¤à¥ à¤à¤¸à¤¸à¥ à¤à¤¾à¤à¤ à¤à¤°à¤¨à¥ à¤à¥ à¤²à¤¿à¤ à¤¬à¤¨à¤¾à¤ à¤«à¤¼à¥à¤à¥à¤ à¤«à¤¼à¤¾à¤à¤à¤¡à¤¿à¤à¤ à¤à¥à¤®à¥à¤®à¥à¤à¥à¤à¥ à¤à¥ à¤à¤¸ à¤®à¤¾à¤®à¤²à¥ à¤®à¥à¤ à¤à¤à¥à¤¸à¥à¤ªà¤°à¥à¤ à¤¹à¥ à¥¤ https://t.co/8wn4DJcp3r,10,1,QuotedTweet,TRUE,41,2
1579,1.29E+18,21-07-2020 04:01,576348125,Nagma,nagma_morarji,"Pandemic, IndiaChinaBorderTension, IndiaFightsCoronavirus, Corona, bjp, Karnataka, Bihar, UP, MP, assam",en,,,,"Iresponsible of the Govt during a #Pandemic al they really care abt is to gain power. They hv no ans to Corona or #IndiaChinaBorderTension , So while #IndiaFightsCoronavirus look at the state of affairs of #Corona preparedness in #bjp ruledstates #Karnataka #Bihar #UP #MP #assam",20,1,QuotedTweet,TRUE,121,0
1580,1.29E+18,26-07-2020 07:26,576348125,Nagma,nagma_morarji,"SpeakUpForDemocracy, pandemicchallenge, MP, Rajasthan, IndiaChinaBorderTension, SpeakUpForDemocracy",en,,,,"#SpeakUpForDemocracy
Stop toppling democraticallyelected Govts by misuse of power. Call the Rajasthan assemblysession ASAP. During the #pandemicchallenge crisis Govts being toppled 1st #MP nw attempts on #Rajasthan being made while #IndiaChinaBorderTension on #SpeakUpForDemocracy",26,2,Tweet,TRUE,101,1
1581,1.30E+18,22-08-2020 10:04,576348125,Nagma,nagma_morarji,"IndiaChinaBorderTension, PM",en,,,,#IndiaChinaBorderTension the Lies being conveyed by our #PM regarding their incursions intrusions into our territory &amp;the action that is being taken by us is further prompting China to brazenly prepare to attack us more systematically and much more aggressively Jaago Mohan pyaare https://t.co/07Chl7rFz3,24,4,Tweet,TRUE,84,1
2728,1.31E+18,17-09-2020 12:19,576348125,Nagma,nagma_morarji,"NationlUnemploymentDay, COVID19, coronavirus, HappyBirthdayPMModi, KanganaRanawat, MigrantWorkers, MigrantLabourers, IndiaChinaBorderTension, PM",en,,,,#NationlUnemploymentDay #COVID19 #coronavirus cases surmounts in India. #HappyBirthdayPMModi ð¦ #KanganaRanawat Y+security on TaxPayers Money while Govt does not hv a count of dead #MigrantWorkers #MigrantLabourers Lives-matter #IndiaChinaBorderTension #PM jhoot bole kawwa kaate https://t.co/SnFaKvOq2f,28,3,Tweet,TRUE,58,0
5720,1.24E+18,28-03-2020 03:58,1.02E+18,R_Gandhi_MLA,R_Gandhi_MLA,"Coronavirus, MLACDS",ta,mkstalin,2163039523,,"à®à®´à® à®¤à®²à¯à®µà®°à¯ @mkstalin à®à®µà®°à¯à®à®³à®¿à®©à¯ à®à®±à®¿à®µà¯à®±à¯à®¤à¯à®¤à®¿à®¯ à®ªà®à®¿ #Coronavirus à®ªà®¾à®¤à®¿à®ªà¯à®ªà®¾à®²à¯ à®¤à®µà®¿à®à¯à®à¯à®®à¯ à®à®®à¯à®ªà¯à®ªà¯à®à®¾à®°à®¾ à®¤à¯à®´à®¿à®²à®¾à®³à®°à¯à®à®³à¯ à®¨à®²à®©à¯ à®à®¾à®à¯à® à®à¯à®µà®¾à® à®à®°à¯à®µà®¿à®à®³à¯, à®®à¯à®à®à¯à®à®µà®à®à¯à®à®³à¯, à®à®¿à®°à¯à®®à®¿à®¨à®¾à®à®¿à®©à®¿à®à®³à¯, à®à¯à®ªà¯à®ªà¯à®à®³à¯, à®à¯à®¯à¯à®±à¯à®à®³à¯ à®à®³à¯à®³à®¿à®à¯à®à®µà¯ à®µà®´à®à¯à® à®à®©à®¤à¯ à®¤à¯à®à¯à®¤à®¿ à®®à¯à®®à¯à®ªà®¾à®à¯à®à¯ à®¨à®¿à®¤à®¿à®¯à®¿à®²à¯ à®à®°à¯à®¨à¯à®¤à¯ à®°à¯25 à®²à®à¯à®à®®à¯ à®à®¤à¯à®à¯à®à®¿ à®à®³à¯à®³à¯à®©à¯.
#MLACDS https://t.co/zw5GedbuOw",21,1,Tweet,FALSE,77,2
6268,1.27E+18,17-06-2020 07:35,46902565,Dr. Vishwajeet Kadam,vishwajeetkadam,"galwanvalleyclash, WeStandWithIndianArmy, TeachLessonToChina, CongressSalutesMartyrs, congressforindia",en,,,,"Deepest of condolences to martyrs of the #galwanvalleyclash 
#WeStandWithIndianArmy 
#TeachLessonToChina 
#CongressSalutesMartyrs
#congressforindia",6,0,Tweet,TRUE,27,1
6269,1.27E+18,18-06-2020 08:53,576348125,Nagma,nagma_morarji,"TrecherousChina, indiachinastandoff, IndianArmy, galwanvalleyclash, LadakhBorder",en,,,,"PLA Death Squads Hunted Down Indian Troops in Galwan in Savage Execution Spree, Say Survivors https://t.co/pleKJVBjrF #TrecherousChina #indiachinastandoff #IndianArmy #galwanvalleyclash #LadakhBorder",5,0,Tweet,TRUE,16,1
6270,1.27E+18,18-06-2020 08:02,1.16E+18,Jitendra Tiwari,JitendraTMC,"IndianArmy, galwanvalleyclash, ShamelessBJP",en,"narendramodi, MamataOfficial, abhishekaitc, AITCofficial, BanglarGorboMB","18839785, 2526794479, 134546153, 290452792, 1144646272084611072",,"On one side when whole country is mourning on sacrifice of brave son's of #IndianArmy during #galwanvalleyclash, @narendramodi is busy in selling public institutions of this country.
#ShamelessBJP 
@MamataOfficial @abhishekaitc @AITCofficial @BanglarGorboMB @BanglarJuboShak https://t.co/KDG2Le1WJE",319,77,Tweet,TRUE,446,0
6271,1.27E+18,18-06-2020 15:26,576348125,Nagma,nagma_morarji,"IndianArmy, LivesMatter, GalwanBloodshed, galwanvalleyclash, indiachinastandoff",en,,,,The Govt Must Answer and not endanger the lives of our #IndianArmy their #LivesMatter #GalwanBloodshed #galwanvalleyclash #indiachinastandoff Rahul Gandhi Ji responsibility asked Questions https://t.co/zeBGhPU9kd,2,0,QuotedTweet,TRUE,1,1
6272,1.27E+18,18-06-2020 18:26,3299307066,"RK Sinha, Founding Member, BJP",RKSinhaBJP,galwanvalleyclash,hi,HSnewsLive,433366198,,"RT @HSnewsLive: à¤à¤²à¤µà¤¾à¤¨ à¤à¥à¤¨ à¤à¤¾ à¤¹à¤¿à¤¸à¥à¤¸à¤¾ à¤¨à¤¹à¥à¤ à¤¹à¥ à¤¸à¤à¤¤à¤¾, à¤¯à¥ à¤¦à¤¾à¤µà¤¾ à¤à¤²à¤¤à¤ à¤¤à¤¿à¤¬à¥à¤¬à¤¤ à¤à¥ à¤¨à¤¿à¤°à¥à¤µà¤¾à¤¸à¤¿à¤¤ à¤ªà¥à¤à¤® à¤¸à¤¾à¤à¤à¥à¤¯
#galwanvalleyclash",0,0,retweet,TRUE,0,2
6273,1.30E+18,03-09-2020 4:54,3307100833,Devender Yadav,devendrayadvinc,"TikTok, PUBG, Modi, ModiFailsIndia, LAC, PlayStore, ChineseAppsBan, BJPScaredOfQuestions",en,,,,"China intrusion answered by #TikTok ban
GDP free fall by #PUBG ban

PM #Modi seems to be running Nation through 'Play Store' !

#ModiFailsIndia
#LAC
#PlayStore 
#ChineseAppsBan 
#BJPScaredOfQuestions",27,3,Tweet,TRUE,94,1
6274,1.27E+18,17-06-2020 16:46,331136088,Baijayant Jay Panda,PandaJay,LAC,en,,,,"This PM has spent more time with troops at the front than others, &amp; cares hugely about them. His reaction to #LAC treachery is solemn &amp; dead serious. Beyond TV &amp; social media, ppl across the nation hv faith in him &amp; know he loves India deeply, will never compromise our interests.",289,26,Tweet,TRUE,1378,1
6275,1.27E+18,17-06-2020 05:04,331136088,Baijayant Jay Panda,PandaJay,LAC,en,,,,"India unitedly backs our army on the #LAC risking lives with great valour against treachery. But one opposition MP continually politicises even national security, oblivious to his party's legacy of losing land to China, &amp; his own prioritisation of their envoys vis-a-vis our govt.",221,228,Tweet,TRUE,1114,0
6276,1.27E+18,18-06-2020 18:05,841116259,Jual Oram,jualoram,LAC,en,PandaJay,331136088,,"RT @PandaJay: ""Who sent out Indian troops without weapons?"" The answer is an agreement barring weapons within 2 km of #LAC signed by an Indâ¦",0,0,retweet,TRUE,0,1
6277,1.27E+18,18-06-2020 10:43,331136088,Baijayant Jay Panda,PandaJay,LAC,en,,,,"""Who sent out Indian troops without weapons?"" The answer is an agreement barring weapons within 2 km of #LAC signed by an Indian government backed by YOUR party!
What to do with a 50 year old juvenile who persists in trying to embarrass India but with no knowledge of its history?",7589,1212,Tweet,TRUE,24972,1
6278,1.28E+18,03-07-2020 9:38,1394485897,Sidharth Nath Singh,SidharthNSingh,"LAC, ModiInLeh",hi,narendramodi,18839785,,"à¤à¤¦à¤°à¤£à¥à¤¯ à¤ªà¥à¤°à¤§à¤¾à¤¨à¤®à¤à¤¤à¥à¤°à¥ à¤à¥ à¤à¤ªà¤à¥ à¤¹à¥à¤¸à¤²à¥ à¤à¤° à¤¹à¤®à¤¾à¤°à¥ à¤µà¥à¤° à¤à¤µà¤¾à¤¨à¥à¤ à¤à¥ à¤ªà¤°à¤¾à¤à¥à¤°à¤® à¤¨à¥ à¤à¤ à¤ªà¥à¤¨à¤ 130 à¤à¤°à¥à¤¡à¤¼ à¤¦à¥à¤¶à¤µà¤¾à¤¸à¤¿à¤¯à¥à¤ à¤à¥ à¤à¥à¤°à¤µà¤¾à¤¨à¥à¤µà¤¿à¤¤ à¤®à¤¹à¤¸à¥à¤¸ à¤à¤°à¤¾à¤¯à¤¾ à¤¹à¥à¥¤ à¤²à¥à¤¹ #LAC à¤ªà¤¹à¥à¤à¤ à¤à¤° à¤¸à¥à¤¨à¤¾ à¤à¥ à¤µà¥à¤° à¤à¤µà¤¾à¤¨à¥à¤ à¤à¥ à¤¹à¥à¤¸à¤²à¤¾ à¤¬à¤¢à¤¼à¤¾à¤¨à¥ à¤µà¤¾à¤²à¤¾ à¤à¤ªà¤à¤¾  à¤à¤¦à¥à¤¬à¥à¤§à¤¨ à¤à¤¤à¤¿à¤¹à¤¾à¤¸à¤¿à¤ à¤¥à¤¾à¥¤ @narendramodi
#ModiInLeh https://t.co/BPCrTjRy7D",21,6,Tweet,TRUE,171,2
6962,1.31E+18,17-09-2020 12:19,576348125,Nagma,nagma_morarji,"NationlUnemploymentDay, COVID19, coronavirus, HappyBirthdayPMModi, KanganaRanawat, MigrantWorkers, MigrantLabourers, IndiaChinaBorderTension, PM",en,,,,#NationlUnemploymentDay #COVID19 #coronavirus cases surmounts in India. #HappyBirthdayPMModi ð¦ #KanganaRanawat Y+security on TaxPayers Money while Govt does not hv a count of dead #MigrantWorkers #MigrantLabourers Lives-matter #IndiaChinaBorderTension #PM jhoot bole kawwa kaate https://t.co/SnFaKvOq2f,28,3,Tweet,TRUE,58,0
7572,1.27E+18,07-06-2020 10:30,336611577,Asaduddin Owaisi,asadowaisi,"China, India, LadakhStandoff",en,disclosetv,15392486,,"RT @disclosetv: Meanwhile, #China's state-owned media amid the #India-China #LadakhStandoff ...",0,0,retweet,TRUE,0,2
7668,1.27E+18,17-06-2020 01:43,2295083146,Pradeeprao,PradeepraoBJP,"IndiaChinaFaceOff, GalwanValley, chinaindiaborder, China",en,"PMOIndia, narendramodi, rajnathsingh, AmitShah, DrSJaishankar","471741741, 18839785, 1346439824, 1447949844, 859363899291742210","b850c1bfd38f30e0', 'https://api.twitter.com/1.1/geo/id/b850c1bfd38f30e0.json', 'country', 'India', 'India', 'IN', 'India', [[67.997691, 6.622513], [67.997691, 33.254896], [97.170672, 33.254896], [97.170672, 6.622513]]]","We were , we are , and shall always be behind our @PMOIndia . @narendramodi is the only man who can give a befitting reply to such rouges ..
BharatMataki jai ð
@rajnathsingh @AmitShah
@DrSJaishankar
#IndiaChinaFaceOff 
#GalwanValley 
#chinaindiaborder 
#China",0,0,Tweet,FALSE,0,1
7677,1.27E+18,17-06-2020 11:01,146360682,Dr Jitendra Singh,DrJitendraSingh,"GalwanValley, IndiaChinaFaceOff",en,,,"317fcc4b21a604d5', 'https://api.twitter.com/1.1/geo/id/317fcc4b21a604d5.json', 'city', 'New Delhi', 'New Delhi, India', 'IN', 'India', [[76.84252, 28.397657], [76.84252, 28.879322], [77.347652, 28.879322], [77.347652, 28.397657]]]","Nation eternally indebted to this  spirit of supreme sacrifice! ð
Father of Sepoy Kundan Kumar, Bihar, who lost his life in #GalwanValley of Ladakh on June 15-16, says, ""My son sacrificed his life for the nation. I have two grandsons, I will send them too.""..#IndiaChinaFaceOff",32,17,Tweet,TRUE,347,1
7690,1.27E+18,17-06-2020 10:50,1065563383,B L Santhosh,blsanthosh,"GalwanValley, IndiaChinaFaceOff",en,,,,"Father of Sepoy Kundan Kumar, Bihar who lost his life in #GalwanValley of Ladakh on June 15-16, says, ""My son sacrificed his life for the nation. I have two grandsons, I will send them too.""..#IndiaChinaFaceOff 
ððð",806,64,Tweet,TRUE,4583,1
7693,1.27E+18,17-06-2020 04:13,2295083146,Pradeeprao,PradeepraoBJP,"IndiaChinaFaceOff, GalwanValley, IndiaStandWithArmyAndModi",en,RahulGandhi,3171712086,"b850c1bfd38f30e0', 'https://api.twitter.com/1.1/geo/id/b850c1bfd38f30e0.json', 'country', 'India', 'India', 'IN', 'India', [[67.997691, 6.622513], [67.997691, 33.254896], [97.170672, 33.254896], [97.170672, 6.622513]]]","@RahulGandhi Don't drag your LKG politics in this issue...
#IndiaChinaFaceOff
#GalwanValley 
#IndiaStandWithArmyAndModi",0,0,Tweet,FALSE,0,1
7697,1.27E+18,16-06-2020 17:24,131188226,Himanta Biswa Sarma,himantabiswa,"GalwanValley, IndianArmy, IndiaChinaFaceOff, IndianArmyZindabad",en,adgpi,1227253801,,"I join the nation in saluting the supreme sacrifices of our bravehearts who fought valiantly at #GalwanValley. My deep thoughts &amp; prayers are with the families of our martyrs. We all stand together with the #IndianArmy.

#IndiaChinaFaceOff #IndianArmyZindabad @adgpi",831,177,Tweet,TRUE,5960,0
7698,1.27E+18,16-06-2020 17:14,1188669715,Sanjay Dutt,SanjaySDutt,"WeakestPMModi, nationalsecurity, IndianArmy, GalwanValley, Ladakh, IndiaChinaFaceOff",en,,,,"Even as v pay tributes to our martyred bravehearts, v hang our heads in shame at d blunders being committed by #WeakestPMModi,whose govt relies on web of lies,deception&amp; silence on our #nationalsecurity issues.
V stand wit our #IndianArmy.
#GalwanValley #Ladakh
#IndiaChinaFaceOff https://t.co/RUlPD0wDfY",31,7,Tweet,TRUE,54,1
7702,1.27E+18,16-06-2020 17:35,4264422434,Y. Satya Kumar,satyakumar_y,"GalwanValley, IndiaChinaFaceOff",en,,,,"The nation salutes the supreme sacrifice of 20 of our brave soldiers at #GalwanValley who fough valiantly against Chinese aggressors.

But none of the sacrifices will go in vain &amp; not an inch of our motherland will be captured by China, rest assured.

 #IndiaChinaFaceOff",155,16,Tweet,TRUE,250,0
7703,1.27E+18,16-06-2020 16:29,2568535530,AP Jithender Reddy,apjithender,"SantoshBabu, Telangana, GalwanValley, IndiaChinaFaceOff, IndiaStandWithArmyAndModi, IndianArmyZindabad",en,,,,"My condolences to the families of Colonel #SantoshBabu, Son of #Telangana, and the two jawans, who were martyred in #GalwanValley during #IndiaChinaFaceOff. 
This nation will always remember their supreme sacrifice. Jai Hind.
#IndiaStandWithArmyAndModi #IndianArmyZindabad https://t.co/ua7IXPklpO",1,0,Tweet,FALSE,5,0
7714,1.27E+18,16-06-2020 07:43,8.74E+17,Shilpa Bodkhe INC,BodkheShilpa,"Violent, IndianArmy, GalwanValley, IndiaChinaFaceOff",en,"INCIndia, AkhileshPSingh, RTforINDIA","1153045459, 810528259, 384179646","2fb8ef9c51c8d547', 'https://api.twitter.com/1.1/geo/id/2fb8ef9c51c8d547.json', 'city', 'Nagpur', 'Nagpur, India', 'IN', 'India', [[78.861222, 20.755232], [78.861222, 21.221285], [79.204359, 21.221285], [79.204359, 20.755232]]]","#Violent Face-Off Between #IndianArmy  &amp; Chinese Troops In #GalwanValley ; Army Officer, 2 Jawans Killed #IndiaChinaFaceOff  @INCIndia @AkhileshPSingh @RTforINDIA 
https://t.co/yXEF3XeUhU",0,0,Tweet,FALSE,0,1
7732,1.28E+18,07-07-2020 10:42,2281874448,Punjab Pradesh Congress Sevadal,SevadalPB,"GalwanValley, IndiaChinaFaceOff",en,"capt_amarinder, BJP4India, JPNadda, RahulGandhi","263090427, 207809313, 2990611686, 3171712086",,"CM @capt_amarinder takes exception to @BJP4India chief @JPNaddaâs attack on @RahulGandhi on India-China standoff, calls it bid to divert from GoIâs failure in #GalwanValley. Says of own experience that Standing Committee on Defence is irrelevant to #IndiaChinaFaceOff https://t.co/jVWPHZroK1",12,0,Tweet,TRUE,30,2
7733,1.27E+18,28-05-2020 09:18,336611577,Asaduddin Owaisi,asadowaisi,"LADAKHSTANDOFF, IndiaChinaFaceOff, Beijing, GalwanValley",en,SariaW,866005597329604608,,"RT @SariaW: #LADAKHSTANDOFF #IndiaChinaFaceOff 
When #Beijing is claiming #GalwanValley the book Servant of Sahibs by Ghulam Rassul Galwan,â¦",0,0,retweet,TRUE,0,1
7734,1.30E+18,04-09-2020 14:27,2166444230,P C Mohan,PCMohanMP,"PUBG, ChineseAppsBanned",en,,,,"Digital Surgical Strike 2.0!

Tencent loses nearly $34 billion since the #PUBG Mobile ban in India â its second-largest valuation dip this year with its share price falling by 2% yesterday and is over 3% so far today. #ChineseAppsBanned 

https://t.co/6keVE3hPoc",12,1,Tweet,TRUE,32,1
7735,1.30E+18,02-09-2020 13:06,2166444230,P C Mohan,PCMohanMP,"PUBG, ChineseAppsBanned",en,,,,Throwback to Pariksha Pe Charcha 2.0 when a mother complained to PM Modi ji about her sonâs gaming addiction! #PUBG #ChineseAppsBanned https://t.co/f8KnKH4QeA,25,3,Tweet,TRUE,87,1
7736,1.30E+18,03-09-2020 2:54,114707587,Ravi Kishan,ravikishann,ChineseAppsBanned,hi,,,,"à¤­à¤¾à¤°à¤¤à¥à¤¯ à¤¸à¥à¤¨à¤¾ à¤¨à¥ à¤à¤à¤¾à¤¨à¤ à¤¹à¥à¤ à¤à¤ªà¤°à¥à¤¶à¤¨ à¤®à¥à¤ à¤à¥à¤¨ à¤à¥ à¤à¤ à¤à¥à¤®à¥à¤ªà¥à¤¸ à¤ªà¤° à¤à¤¬à¥à¤à¤¾ à¤à¤° à¤²à¤¿à¤¯à¤¾ à¤¹à¥à¤à¥¤ 

à¤à¥à¤¨ à¤¹à¥à¤°à¤¾à¤¨ à¤¹à¥à¤,à¤ªà¤°à¥à¤¶à¤¾à¤¨ à¤¹à¥ à¤à¤° à¤à¥à¤¸à¥à¤¸à¥ à¤®à¥à¤ à¤¹à¥,

à¤à¥à¤¯à¥à¤à¤à¤¿ à¤à¤¤à¤¨à¥ à¤¬à¤¡à¤¼à¥ à¤à¤ªà¤°à¥à¤¶à¤¨ à¤à¥ à¤à¥à¤ à¤­à¥ à¤à¤¾à¤¨à¤à¤¾à¤°à¥ à¤­à¤¾à¤°à¤¤ à¤®à¥à¤ à¤¬à¥à¤ à¥ à¤à¥à¤¨à¥ à¤ªà¥à¤¯à¤¾à¤¦à¥à¤ à¤¸à¥ à¤à¥à¤¯à¥à¤ à¤¨à¤¹à¥ à¤®à¤¿à¤²à¥ ?

#ChineseAppsBanned",643,73,Tweet,TRUE,3628,2
7737,1.28E+18,29-06-2020 16:35,8.04E+17,Adesh Kumar Gupta,adeshguptabjp,ChineseAppsBanned,hi,,,,"à¤®à¥à¤¦à¥ à¤¸à¤°à¤à¤¾à¤° à¤à¤¾ à¤à¥à¤¨ à¤à¥ à¤à¤¿à¤²à¤¾à¤« à¤¡à¤¿à¤à¤¿à¤à¤² à¤¸à¥à¤à¥à¤°à¤¾à¤à¤à¥¤ à¤à¥à¤¨ à¤à¥ à¤¤à¤°à¤« à¤¸à¥ à¤¸à¤¾à¤à¤¬à¤° à¤à¤à¥à¤ à¤¸à¥ à¤¸à¥à¤°à¤à¥à¤·à¤¾ à¤à¥ à¤²à¤¿à¤ à¤­à¤¾à¤°à¤¤ à¤¸à¤°à¤à¤¾à¤° à¤à¤¾ à¤¬à¤¡à¤¼à¤¾ à¤«à¥à¤¸à¤²à¤¾à¥¤
#ChineseAppsBanned
à¤­à¤¾à¤°à¤¤à¥à¤¯ à¤¯à¥à¤µà¤¾ à¤à¤¸à¤¸à¥ à¤à¤ à¤à¥à¤¨à¤¾ à¤¬à¥à¤¹à¤¤à¤° à¤®à¥à¤¬à¤¾à¤à¤² à¤à¤ªà¥à¤²à¥à¤à¥à¤¶à¤¨ à¤¬à¤¨à¤¾à¤¨à¥ à¤®à¥à¤ à¤¸à¤à¥à¤·à¤® à¤¹à¥à¤, à¤à¤¨à¥à¤¹à¥à¤ à¤à¤¬ à¤à¤¸ à¤¦à¤¿à¤¶à¤¾ à¤®à¥à¤ à¤à¤à¥ à¤¬à¤¢à¤¼à¤à¤° à¤à¤¾à¤°à¥à¤¯ à¤à¤°à¤¨à¤¾ à¤à¤¾à¤¹à¤¿à¤à¥¤ https://t.co/Z5KE5l4RMe",76,29,Tweet,TRUE,322,2
10468,1.27E+18,27-05-2020 15:25,1.13E+18,Ruparam Murawtiya,mlaruparam,"PeaceAndLove, IndiaChinaFaceOff, IndiaFightsCorona",hi,,,,"""à¤¯à¥ à¤¦à¥à¤¨à¤¿à¤¯à¤¾ à¤¨à¤«à¤¼à¤°à¤¤à¥à¤ à¤à¥ à¤à¤à¤¼à¤°à¥ à¤¸à¥à¤à¥à¤ à¤ªà¥ à¤à¤² à¤°à¤¹à¥ à¤¹à¥
à¤à¤²à¤¾à¤ à¤à¤¸ à¤à¤¾ à¤®à¥à¤¹à¤¬à¥à¤¬à¤¤ à¤à¥ à¤¸à¤¿à¤µà¤¾ à¤à¥à¤ à¤­à¥ à¤¨à¤¹à¥à¤ à¤¹à¥""
#PeaceAndLove #IndiaChinaFaceOff  #IndiaFightsCorona",25,16,Tweet,TRUE,166,2
10942,6.00E+17,18-05-2015 00:27,140047339,Abhishek Singhvi,DrAMSinghvi,"jumladivas, IndiaChina",en,,,,Interesting term coined on twitter #jumladivas. Reminds me of blind bhakts taking foreign escapades for multilateral relations. #IndiaChina,11,6,Tweet,TRUE,6,1
10943,1.32E+18,18-10-2020 07:02,1449299132,Ripun Bora,ripunbora,"China, PR, IndiaChina, à¤à¤°à¥à¤£à¤¾à¤à¤²à¤ªà¥à¤°à¤¦à¥à¤¶, ArunachalPradesh",hi,AmitShah,1447949844,,"à¤à¤¿à¤¸à¥ #China à¤à¥  à¤à¤¸ à¤¨à¥à¤¯à¥à¤ à¤¸à¥ à¤¨à¥à¤à¤¦ à¤à¤¡à¤¼ à¤à¤¾à¤¨à¥ à¤à¤¾à¤¹à¤¿à¤ à¤µà¤¹ à¤¸à¤°à¤à¤¾à¤° à¤à¤²à¥à¤à¥à¤¶à¤¨ à¤à¤° à¤à¤ªà¤¨à¥ #PR à¤®à¥à¤ à¤²à¤à¤¾ à¤¹à¥à¥¤ 

@AmitShah à¤à¥ à¤à¥à¤¨ à¤à¥ à¤®à¥à¤¦à¥à¤¦à¥ à¤ªà¤° à¤¦à¥à¤¶ à¤à¥ à¤¸à¤¾à¤®à¤¨à¥ à¤à¥à¤²à¤à¤° à¤à¤¨à¤¾ à¤à¤¾à¤¹à¤¿à¤à¥¤ 

à¤ªà¥à¤°à¤¾ à¤¦à¥à¤¶ à¤à¤¾à¤¨à¤¨à¤¾ à¤à¤¾à¤¹à¤¤à¤¾ à¤¹à¥ à¤à¤¿ #IndiaChina à¤¬à¥à¤°à¥à¤¡à¤° à¤ªà¤° à¤à¥à¤¯à¤¾ à¤à¤² à¤°à¤¹à¤¾ à¤¹à¥à¥¤

#à¤à¤°à¥à¤£à¤¾à¤à¤²à¤ªà¥à¤°à¤¦à¥à¤¶
#ArunachalPradesh 

https://t.co/ksY7jMIbsT",9,0,Tweet,TRUE,21,2
10944,1.28E+18,25-06-2020 05:01,576348125,Nagma,nagma_morarji,IndiaChina,und,,,,ð¤#IndiaChina,23,6,QuotedTweet,TRUE,95,2
10945,1.28E+18,24-06-2020 16:08,576348125,Nagma,nagma_morarji,"bjp, IndiaChina",en,TimesNow,240649814,,The @TimesNow such a sold out channel to the Govt they donât let opposition voices be clearly heard they suppress the voices of the opposition voices completely spoilt and the audio voices of all opposition smugged only #bjp voices clear is the fight on the border of #IndiaChina,8,3,Tweet,TRUE,57,1
10946,1.28E+18,07-07-2020 13:48,576348125,Nagma,nagma_morarji,"BJPsDistractandRule, amarnathyatra2020, J, UP, BJP, UP, Pak, IndiaChina",en,,,,#BJPsDistractandRule now some are discussing terrorists attacks on #amarnathyatra2020 and yatris in #J&amp;k they just keep diverting have no ans for Vikas Dubey who in #UP killed 8 cops mutilated a CO in the  #BJP govt in #UP they canât find him talk abt #Pak no ans on #IndiaChina https://t.co/1JuOiQIpNt,27,1,QuotedTweet,TRUE,89,1
11073,1.27E+18,18-06-2020 15:26,576348125,Nagma,nagma_morarji,"IndianArmy, LivesMatter, GalwanBloodshed, galwanvalleyclash, indiachinastandoff",en,,,,The Govt Must Answer and not endanger the lives of our #IndianArmy their #LivesMatter #GalwanBloodshed #galwanvalleyclash #indiachinastandoff Rahul Gandhi Ji responsibility asked Questions https://t.co/zeBGhPU9kd,2,0,QuotedTweet,TRUE,1,1
11509,1.30E+18,03-09-2020 10:14,2189716682,Praful Patel,praful_patel,IndiaChinaBorder,en,"PawarSpeaks, supriya_sule","2150403589, 2277402223",,"Shri. Bhushan Gokhale, former Air Marshal of Indian Air Force and Shri. Vijay Gokhale, former Foreign Secretary were also invited for the meeting. Both esteemed guests expressed their views on India-China relations and border tensions.
@PawarSpeaks @supriya_sule #IndiaChinaBorder https://t.co/g1x06AWHms",6,0,Tweet,TRUE,35,1
11510,1.27E+18,16-06-2020 10:01,7.03E+17,Thol. Thirumavalavan,thirumaofficial,"Ladakh, IndiaChinaBorder, IndiaChinaFaceOff, IndianArmy",ta,,,,"#Ladakh à®ªà®à¯à®¤à®¿à®¯à®¿à®²à¯ à®ªà®¤à®±à¯à®±à®®à¯. à®à®¨à¯à®¤à®¿à®¯ à®à¯à®© à®à®²à¯à®²à¯à®¯à®¿à®²à¯ à®®à¯à®¤à®²à¯. à®à®¨à¯à®¤à®¿à®¯ à®ªà®à¯à®¯à®¿à®©à®°à¯ à®®à¯à®µà®°à¯à®ªà®²à®¿. à®¤à®®à®¿à®´à®à®¤à¯à®¤à¯à®à¯ à®à®¾à®°à¯à®¨à¯à®¤ à®¤à®¿à®°à¯à®µà®¾à®à®¾à®©à¯- à®à®à¯à®à¯à®à®²à¯à®°à¯ à®ªà®´à®¨à®¿à®¯à¯à®®à¯ à®µà¯à®°à®à¯à®à®¾à®µà¯. à®à¯à®°à¯à®©à®¾ à®¨à¯à®°à¯à®à¯à®à®à®¿à®¯à®¿à®²à¯ à®ªà¯à®°à¯ à®¤à®µà®¿à®°à¯à®à¯à®à®ªà¯à®ªà® à®µà¯à®£à¯à®à¯à®®à¯.
#IndiaChinaBorder #IndiaChinaFaceOff #IndianArmy https://t.co/pADC2u008D",18,9,Tweet,TRUE,52,2
11511,1.27E+18,21-06-2020 12:57,3299307066,"RK Sinha, Founding Member, BJP",RKSinhaBJP,IndiaChinaBorder,en,,,,"India has given many chances to China for retaliate and now the time is up. India will not tolerate any more and attack China, when provoked. Read my article published in 'The Avenue Mail' to know more.
#IndiaChinaBorder https://t.co/Xw3VaxzupV",7,2,Tweet,TRUE,25,1
11512,1.27E+18,20-06-2020 17:07,9.09E+17,Sabhajeet Singh,SabhajeetAAP,"IndianArmy, IndiaChinaBorder, indiachinastandoff, IndiaWillPunishChina",hi,ashutosh83B,78259714,,"RT @ashutosh83B: à¤¯à¥ à¤¸à¤«à¤¾à¤ à¤à¤¤à¤¨à¥ à¤¦à¥à¤° à¤®à¥à¤ à¤à¥à¤¯à¥à¤ à¤à¤¯à¥ ? 

#IndianArmy #IndiaChinaBorder #indiachinastandoff #IndiaWillPunishChina #IndiansUnitedAâ¦",0,0,retweet,FALSE,0,2
11513,1.28E+18,01-07-2020 7:04,3299307066,"RK Sinha, Founding Member, BJP",RKSinhaBJP,IndiaChinaBorder,hi,,,,"à¤à¤¸ à¤à¥à¤¨à¥à¤¤à¥ à¤à¥ à¤à¤¡à¤¼à¥ à¤®à¥à¤ à¤à¤¾à¤à¤à¥à¤°à¥à¤¸ à¤à¥ à¤¨à¥à¤¤à¤¾ à¤ªà¥à¤°à¤¤à¤¿à¤¦à¤¿à¤¨ à¤¸à¤°à¤à¤¾à¤° à¤¸à¥ à¤à¤¸à¥ à¤¸à¤µà¤¾à¤² à¤à¤° à¤°à¤¹à¥ à¤¹à¥à¤ à¤à¥à¤¸à¥ à¤®à¤¾à¤¨à¥à¤ à¤µà¥ à¤­à¤¾à¤°à¤¤ à¤à¥ à¤¸à¤¾à¤¥ à¤¨à¤¹à¥à¤, à¤¬à¤²à¥à¤à¤¿ à¤à¥à¤¨ à¤à¥ à¤¸à¤¾à¤¥ à¤¹à¥à¤à¥¤ à¤ªà¤¢à¤¼à¥à¤ à¤à¤¸ à¤µà¤¿à¤·à¤¯ à¤ªà¤° à¤µà¤¿à¤­à¤¿à¤¨à¥à¤¨ à¤à¤à¤¬à¤¾à¤°à¥à¤ à¤®à¥à¤ à¤à¤ªà¤¾ à¤®à¥à¤°à¤¾ à¤²à¥à¤à¥¤
#IndiaChinaBorder https://t.co/dDzyX8x4cJ",5,0,Tweet,TRUE,24,2
11514,1.28E+18,01-07-2020 6:42,3299307066,"RK Sinha, Founding Member, BJP",RKSinhaBJP,IndiaChinaBorder,hi,"BJP4India, narendramodi, PMOIndia, AmitShah, JPNadda","207809313, 18839785, 471741741, 1447949844, 2990611686",,"à¤à¤¾à¤à¤à¥à¤°à¥à¤¸ à¤à¤° à¤à¤¸à¤à¥ à¤¨à¥à¤¤à¤¾ à¤ªà¥à¤°à¤¤à¤¿à¤¦à¤¿à¤¨ à¤¸à¤°à¤à¤¾à¤° à¤¸à¥ à¤à¤¸à¥ à¤¸à¤µà¤¾à¤² à¤à¤° à¤°à¤¹à¥ à¤¹à¥à¤ à¤à¥à¤¸à¥ à¤®à¤¾à¤¨à¥à¤ à¤µà¥ à¤­à¤¾à¤°à¤¤ à¤à¥ à¤¸à¤¾à¤¥ à¤¨à¤¹à¥à¤, à¤¬à¤²à¥à¤à¤¿ à¤à¥à¤¨ à¤à¥ à¤¸à¤¾à¤¥ à¤à¤¡à¤¼à¥ à¤¹à¥à¤à¥¤ à¤ªà¤¢à¤¼à¥à¤ à¤à¤¸ à¤µà¤¿à¤·à¤¯ à¤ªà¤° 'à¤¸à¤®à¥à¤¦à¥à¤§ à¤à¤¾à¤°à¤à¤à¤¡' à¤®à¥à¤ à¤à¤ªà¤¾ à¤®à¥à¤°à¤¾ à¤²à¥à¤à¥¤
#IndiaChinaBorder
@BJP4India @narendramodi @PMOIndia @AmitShah @JPNadda
https://t.co/uQtO9MLcX0",3,0,Tweet,TRUE,27,2
11515,1.28E+18,01-07-2020 12:21,3299307066,"RK Sinha, Founding Member, BJP",RKSinhaBJP,IndiaChinaBorder,hi,"BJP4India, narendramodi, PMOIndia, AmitShah, JPNadda","207809313, 18839785, 471741741, 1447949844, 2990611686",,"à¤°à¤¾à¤¹à¥à¤² à¤à¤¾à¤à¤§à¥ à¤¤à¤¥à¤¾ à¤à¤¨à¤à¥ à¤¨à¥à¤¤à¤¾à¤à¤ à¤à¥ à¤¸à¤µà¤¾à¤²à¥à¤ à¤¸à¥ à¤à¤¸à¤¾ à¤ªà¥à¤°à¤¤à¥à¤¤ à¤¹à¥à¤¤à¤¾ à¤¹à¥ à¤à¥à¤¸à¥ à¤µà¥ à¤­à¤¾à¤°à¤¤ à¤à¥ à¤¸à¤¾à¤¥ à¤¨à¤¹à¥à¤, à¤¬à¤²à¥à¤à¤¿ à¤à¥à¤¨ à¤à¥ à¤¸à¤¾à¤¥ à¤¹à¥à¤à¥¤ à¤ªà¤¢à¤¼à¥à¤ à¤à¤¸ à¤µà¤¿à¤·à¤¯ à¤ªà¤° 'à¤¹à¤¿à¤¨à¥à¤¦à¥à¤¸à¥à¤¥à¤¾à¤¨ à¤¸à¤®à¤¾à¤à¤¾à¤°' à¤®à¥à¤ à¤à¤ªà¤¾ à¤®à¥à¤°à¤¾ à¤²à¥à¤à¥¤
#IndiaChinaBorder
@BJP4India @narendramodi @PMOIndia @AmitShah @JPNadda
https://t.co/eXtympZUPp",8,4,Tweet,TRUE,32,2
12568,1.35E+18,19-01-2021 04:56,576348125,Nagma,nagma_morarji,"indiachinastandoff, IndiaChinabordertention",en,,,,"https://t.co/z4pXRaWLmY #indiachinastandoff #IndiaChinabordertention China builds villages at the border disputedareas,matter of concern in the last 1yr 1st at Bhutan nw in Arunachal Pradesh while PM is quite the GodiMedia conts to do disservice to the nation by wrongly reporting",5,1,Tweet,TRUE,10,1
13387,1.34E+18,09-12-2020 8:30,165085226,Shakeel Ahmad,Ahmad_Shakeel,"China, LAC",hi,Live_Hindustan,108852592,,"RT @Live_Hindustan: #China à¤¨à¥ #LAC à¤ªà¤° à¤¬à¤¨à¤¾à¤ 20 à¤®à¤¿à¤²à¤¿à¤à¥à¤°à¥ à¤à¥à¤à¤ªà¥à¤¸, à¤à¥à¤¯à¤¾ à¤«à¤¿à¤° à¤¸à¥ à¤à¤° à¤°à¤¹à¤¾ à¤à¥à¤ à¤¸à¤¾à¤à¤¿à¤¶?

https://t.co/gS4NC4kW9g",0,0,retweet,TRUE,0,2
13777,1.33E+18,22-11-2020 09:32,2166444230,P C Mohan,PCMohanMP,"border, IndiaChina",en,,,,"In a big fillip for the #border connectivity and infrastructure, the Union Ministry of Home Affairs (MHA) has allocated Rs 12,434.9 crore for expediting the construction of 32 strategically important roads on the #IndiaChina border.
https://t.co/Tww7vF4rg8",11,0,Tweet,TRUE,18,0